<?xml version="1.0" encoding="utf-8"?>
<chummer>
	<version>-921</version>
	<echoes>
		<echo>
			<name>Firewall Upgrade</name>
			<limit>no</limit>
			<bonus>
				<livingpersona>
					<firewall>1</firewall>
				</livingpersona>
			</bonus>
			<source>SR4</source>
			<page>243</page>
		</echo>
		<echo>
			<name>NeuroFilter</name>
			<limit>no</limit>
			<bonus>
				<livingpersona>
					<biofeedback>1</biofeedback>
				</livingpersona>
			</bonus>
			<source>SR4</source>
			<page>243</page>
		</echo>
		<echo>
			<name>Overclocking</name>
			<bonus>
				<livingpersona>
					<response>1</response>
				</livingpersona>
				<matrixinitiativepassadd>1</matrixinitiativepassadd>
			</bonus>
			<source>SR4</source>
			<page>244</page>
		</echo>
		<echo>
			<name>Resonance Link</name>
			<source>SR4</source>
			<page>244</page>
		</echo>
		<echo>
			<name>System Upgrade</name>
			<limit>no</limit>
			<bonus>
				<livingpersona>
					<system>1</system>
				</livingpersona>
			</bonus>
			<source>SR4</source>
			<page>244</page>
		</echo>
		<echo>
			<name>Amplification</name>
			<limit>no</limit>
			<bonus>
				<livingpersona>
					<signal>1</signal>
				</livingpersona>
			</bonus>
			<source>UN</source>
			<page>145</page>
		</echo>
		<echo>
			<name>Biowire</name>
			<bonus>
				<skillwire>Rating</skillwire>
			</bonus>
			<source>UN</source>
			<page>145</page>
		</echo>
		<echo>
			<name>Blur</name>
			<source>UN</source>
			<page>145</page>
		</echo>
		<echo>
			<name>Coenesthesia</name>
			<source>UN</source>
			<page>145</page>
		</echo>
		<echo>
			<name>Defragmentation</name>
			<source>UN</source>
			<page>145</page>
		</echo>
		<echo>
			<name>E-sensing</name>
			<source>UN</source>
			<page>146</page>
		</echo>
		<echo>
			<name>Flexible Touch</name>
			<source>UN</source>
			<page>146</page>
		</echo>
		<echo>
			<name>Immersion</name>
			<limit>no</limit>
			<source>UN</source>
			<page>146</page>
		</echo>
		<echo>
			<name>Info Sortilege</name>
			<source>UN</source>
			<page>146</page>
		</echo>
		<echo>
			<name>Living ECM</name>
			<limit>no</limit>
			<source>UN</source>
			<page>146</page>
		</echo>
		<echo>
			<name>Macro</name>
			<source>UN</source>
			<page>146</page>
		</echo>
		<echo>
			<name>Multiprocessing</name>
			<source>UN</source>
			<page>146</page>
		</echo>
		<echo>
			<name>Sift</name>
			<source>UN</source>
			<page>147</page>
		</echo>
		<echo>
			<name>Skinlink</name>
			<source>UN</source>
			<page>147</page>
		</echo>
		<echo>
			<name>Sparky</name>
			<source>UN</source>
			<page>147</page>
		</echo>
		<echo>
			<name>Sprite Link</name>
			<limit>no</limit>
			<bonus>
				<selectsprite />
			</bonus>
			<source>UN</source>
			<page>147</page>
		</echo>
		<echo>
			<name>Swap</name>
			<limit>no</limit>
			<source>UN</source>
			<page>147</page>
		</echo>
		<echo>
			<name>Widget Crafting</name>
			<source>UN</source>
			<page>147</page>
		</echo>
		<echo>
			<name>Acceleration</name>
			<bonus>
				<initiativepassadd>1</initiativepassadd>
				<specificattribute>
					<name>REA</name>
					<val>1</val>
				</specificattribute>
			</bonus>
			<required>
				<allof>
					<echo>Biowire</echo>
				</allof>
			</required>
			<source>UN</source>
			<page>147</page>
		</echo>
		<echo>
			<name>Advanced Overclocking</name>
			<bonus>
				<livingpersona>
					<response>1</response>
				</livingpersona>
				<matrixinitiativepassadd>1</matrixinitiativepassadd>
			</bonus>
			<required>
				<allof>
					<echo>Overclocking</echo>
				</allof>
			</required>
			<source>UN</source>
			<page>147</page>
		</echo>
		<echo>
			<name>Enhanced Resonance Link</name>
			<required>
				<allof>
					<echo>Resonance Link</echo>
				</allof>
			</required>
			<source>UN</source>
			<page>147</page>
		</echo>
		<echo>
			<name>Mesh Reality</name>
			<required>
				<allof>
					<echo>Multiprocessing</echo>
				</allof>
			</required>
			<source>UN</source>
			<page>147</page>
		</echo>
		<echo>
			<name>Mind Over machine</name>
			<required>
				<allof>
					<echo>Immersion</echo>
				</allof>
			</required>
			<source>UN</source>
			<page>148</page>
		</echo>
		<echo>
			<name>Resonance Exchange</name>
			<required>
				<allof>
					<echo>Resonance Link</echo>
					<echo>Widget Crafting</echo>
				</allof>
			</required>
			<source>UN</source>
			<page>148</page>
		</echo>
		<echo>
			<name>Resonance Trodes</name>
			<required>
				<allof>
					<echo>Skinlink</echo>
				</allof>
			</required>
			<source>UN</source>
			<page>147</page>
		</echo>
		<echo>
			<name>Connectivity</name>
			<limit>no</limit>
			<source>WAR</source>
			<page>179</page>
		</echo>
		<echo>
			<name>Feral Resonance</name>
			<limit>no</limit>
			<source>WAR</source>
			<page>179</page>
		</echo>
		<echo>
			<name>Bio-Radar</name>
			<required>
				<allof>
					<echo>Living ECM</echo>
				</allof>
			</required>
			<source>WAR</source>
			<page>179</page>
		</echo>
		<echo>
			<name>Contaminate</name>
			<required>
			</required>
			<source>UN</source>
			<page>178</page>
		</echo>
		<echo>
			<name>Malfunction</name>
			<source>UN</source>
			<page>179</page>
		</echo>
		<echo>
			<name>Pryon</name>
			<source>UN</source>
			<page>179</page>
		</echo>
		<echo>
			<name>Siphon</name>
			<source>UN</source>
			<page>179</page>
		</echo>
	</echoes>
</chummer>